,Loss,Accuracy
Early Fusion,0.6931661367416382,0.5025366544723511
Late Fusion,0.6932260394096375,0.4925310015678406
